Trait,Value,Value_Others
Extraversion,46.666666666666664,45.35294117647059
Neuroticism,50.333333333333336,52.88235294117647
Agreeableness,59.0,61.830882352941174
Conscientiousness,53.0,53.588235294117645
Openness,43.333333333333336,46.786764705882355
